{"Blueberry": {"average_price": 52.829269005847955, "max_price": 99.84, "min_price": 5.64}, "Cherry": {"average_price": 52.24464387464388, "max_price": 99.96, "min_price": 5.67}, "Peach": {"average_price": 53.90503597122302, "max_price": 99.64, "min_price": 5.16}, "Blackberry": {"average_price": 54.715675675675676, "max_price": 99.73, "min_price": 5.08}, "Mango": {"average_price": 50.67628140703518, "max_price": 99.47, "min_price": 5.09}, "Papaya": {"average_price": 53.64670391061453, "max_price": 99.94, "min_price": 5.8}, "Banana": {"average_price": 53.41917098445596, "max_price": 99.51, "min_price": 5.02}, "Pineapple": {"average_price": 53.70330459770115, "max_price": 99.9, "min_price": 5.04}, "Grapes": {"average_price": 51.883342245989304, "max_price": 99.97, "min_price": 5.0}, "Kiwifruit": {"average_price": 50.801160220994475, "max_price": 99.92, "min_price": 5.47}, "Melon": {"average_price": 51.327433862433864, "max_price": 99.79, "min_price": 5.93}, "Strawberry": {"average_price": 50.526656976744185, "max_price": 99.65, "min_price": 5.21}, "Orange": {"average_price": 52.47353260869565, "max_price": 99.9, "min_price": 5.08}, "Apple": {"average_price": 52.9129797979798, "max_price": 99.67, "min_price": 5.21}, "Boysenberry": {"average_price": 52.87412307692308, "max_price": 99.96, "min_price": 5.01}, "Guava": {"average_price": 51.896797752808986, "max_price": 99.07, "min_price": 5.18}, "Apricot": {"average_price": 52.73739583333333, "max_price": 99.97, "min_price": 5.08}, "Plum": {"average_price": 52.63943005181347, "max_price": 99.91, "min_price": 5.08}, "Raspberry": {"average_price": 54.606246648793565, "max_price": 99.56, "min_price": 5.14}, "Cranberry": {"average_price": 53.1545, "max_price": 99.79, "min_price": 5.02}}