{
  "numeric_stats": {
    "age": {
      "count": 100000.0,
      "mean": 5.4867,
      "std": 2.861500479093079,
      "min": 1.0,
      "25%": 3.0,
      "50%": 5.0,
      "75%": 8.0,
      "max": 10.0
    },
    "weight_kg": {
      "count": 100000.0,
      "mean": 22.4756765,
      "std": 10.130452880454229,
      "min": 5.0,
      "25%": 13.69,
      "50%": 22.46,
      "75%": 31.24,
      "max": 40.0
    },
    "height_cm": {
      "count": 100000.0,
      "mean": 60.04409,
      "std": 23.376825935781106,
      "min": 20.0,
      "25%": 40.0,
      "50%": 60.0,
      "75%": 80.0,
      "max": 100.0
    },
    "health_score": {
      "count": 100000.0,
      "mean": 4.984647100000001,
      "std": 2.8852858600503577,
      "min": 0.0,
      "25%": 2.49,
      "50%": 4.97,
      "75%": 7.48,
      "max": 10.0
    },
    "exercise_hours": {
      "count": 100000.0,
      "mean": 2.501685,
      "std": 1.445578204642854,
      "min": 0.0,
      "25%": 1.25,
      "50%": 2.5,
      "75%": 3.76,
      "max": 5.0
    },
    "grooming_needs": {
      "count": 100000.0,
      "mean": 5.49602,
      "std": 2.872108397965943,
      "min": 1.0,
      "25%": 3.0,
      "50%": 5.0,
      "75%": 8.0,
      "max": 10.0
    }
  },
  "feeding_frequency_counts": {
    "four times": 33386,
    "twice": 33369,
    "thrice": 33245
  }
}