{"sum": 49898502.0, "min": 142.0, "max": 99936.0, "avg": 49948.45045045045, "std": 28150.693213341816}