{"sum": 760428, "avr": 555.4623813002191, "sumMD": 19581, "avrMD": 529.2162162162163, "sumSD": 20724, "avrSD": 560.1081081081081, "max": 998, "min": 100}