{"sum": 1661927376.0, "min": 100205.0, "max": 999910.0, "avg": 542404.496083551, "std": 258037.58035294912}