{"sum": 428367425.0, "min": 10387.0, "max": 499146.0, "avg": 256969.06118776245, "std": 140344.81591925074}